USE Uniqlo;

-- ======================
-- ADMIN
-- ======================
INSERT INTO Admin VALUES
('ADM001','Ahmad Fathi Al Ghifari','gift.admin01@uniqlo.co.id','NAVIAmybinigweh','081234500001'),
('ADM002','Faeyza Safa Izz Deyardi','feza.admin02@uniqlo.co.id','gajiprogrammerdiindo','082345600002'),
('ADM003','Muhammad Reyhan Setya Ardiansyah','reyrey.admin03@uniqlo.co.id','114445688888889999999999','083456700003'),
('ADM004','Muhammad Zaki Arif Effendi','jeki.admin04@uniqlo.co.id','masambamainnyahebatsekali','084567800004'),
('ADM005','Raven Ravellyn Sulistyo','raven.admin05@uniqlo.co.id','admin123','085678900005');

-- ======================
-- CATEGORY
-- ======================
INSERT INTO Category VALUES
('CAT001','Pakaian Kasual'),
('CAT002','Aksesori Kepala'),
('CAT003','Aksesori Lainnya'),
('CAT004','Pakaian Olahraga');

-- ======================
-- PRODUCT (20)
-- ======================
INSERT INTO Product VALUES
('P001','HeatTech Ultra Warm Crew Neck T-Shirt','Kaos dalam berbahan HeatTech untuk menghangatkan tubuh di cuaca dingin.',299000,120,'M','Hitam'),
('P002','Ultra Light Down Jacket','Jaket ringan dengan teknologi Ultra Light Down, mudah dilipat dan dibawa.',799000,85,'L','Navy'),
('P003','AIRism Cotton Crew Neck T-Shirt','Kaos katun AIRism yang lembut dan menyerap keringat.',199000,200,'S','Putih'),
('P004','Slim-Fit Straight Jeans','Celana jeans slim-fit potongan lurus.',599000,150,'M','Biru'),
('P005','Fleece Full-Zip Jacket','Jaket fleece full-zip yang hangat.',499000,90,'XL','Abu-abu'),
('P006','Oxford Button-Down Shirt','Kemeja lengan panjang bahan oxford.',399000,110,'L','Putih'),
('P007','Dry-EX T-Shirt','Kaos Dry-EX cepat kering.',249000,180,'M','Merah'),
('P008','Merino Wool Sweater','Sweater wol merino.',699000,60,'L','Krem'),
('P009','Wide-Fit Chino Pants','Celana chino potongan lebar.',449000,95,'M','Beige'),
('P010','UV Protection Parka','Parka pelindung UV.',549000,75,'S','Hijau'),
('P011','Baseball Cap','Topi baseball klasik.',199000,300,'All','Hitam'),
('P012','Bucket Hat','Topi bucket reversible.',249000,200,'All','Coklat'),
('P013','Knit Beanie','Beanie rajut.',149000,250,'All','Abu-abu'),
('P014','Leather Belt','Ikat pinggang kulit.',349000,180,'All','Coklat'),
('P015','Canvas Belt','Ikat pinggang kanvas.',199000,220,'All','Hitam'),
('P016','Wool Scarf','Syal wol hangat.',299000,150,'All','Maroon'),
('P017','Socks Pack','Kaus kaki 3 pasang.',129000,400,'All','Putih'),
('P018','Tote Bag','Tas tote kanvas.',149000,350,'All','Krem'),
('P019','Mini Shoulder Bag','Tas selempang mini.',299000,130,'All','Hitam'),
('P020','HeatTech Leggings','Legging HeatTech.',349000,160,'M','Hitam');

-- ======================
-- CUSTOMER (FULL 50)
-- ======================
INSERT INTO Customer VALUES
('C001','Barbara Pegg','barbara.pegg@gmail.com','Jl. Soekarno Hatta No.12, Malang','081234567890'),
('C002','Kaeya Alberich','kaeya.alberich@gmail.com','Jl. Veteran No.45, Banjarbaru','081298765432'),
('C003','Jean Gunnhildr','jean.gunnhildr@gmail.com','Jl. Gajah Mada No.8, Bandung','085712345678'),
('C004','Diluc Ragnvindr','diluc.ragnvindr@yahoo.com','Jl. Malioboro No. 3, Yogyakarta','087812345678'),
('C005','Eula Lawrence','eula.lawrence@gmail.com','Jl. A Yani No. 22, Semarang','081345678901'),
('C006','Lisa Minci','lisa.minci@gmail.com','Jl. Diponegoro No.5, Jakarta Pusat','082345678901'),
('C007','Mika Schmidt','mika.schmidt@gmail.com','Jl. Ahmad Yani No.10, Surabaya','083456789012'),
('C008','Diona Katzlein','diona.katzlein@gmail.com','Jl. Pemuda No.33, Semarang','084567890123'),
('C009','Mona Megistus','mona.megistus@gmail.com','Jl. Imam Bonjol No.7, Medan','085678901234'),
('C010','Fischl Von Luftschloss','fischl.von@gmail.com','Jl. Sudirman No.21, Jakarta Selatan','086789012345'),
('C011','Hu Tao','hu.tao@gmail.com','Jl. Hasanuddin No.14, Makassar','087890123456'),
('C012','Yun Jin','yun.jin@gmail.com','Jl. Pahlawan No.9, Palembang','088901234567'),
('C013','Lan Yan','lan.yan@yahoo.com','Jl. Gajayana No.18, Malang','089012345678'),
('C014','Mao Xiangling','mao.xiangling@gmail.com','Jl. Kaliurang No.6, Yogyakarta','081123456789'),
('C015','Feiyun Xingqiu','feiyun.xingqiu@gmail.com','Jl. Urip Sumoharjo No.3, Surabaya','082234567890'),
('C016','Kaedehara Kazuha','kazuha.kaedehara@gmail.com','Jl. Cisangkuy No.11, Bandung','083345678901'),
('C017','Kamisato Ayaka','ayaka.kamisato@gmail.com','Jl. Thamrin No.20, Jakarta Pusat','084456789012'),
('C018','Kamisato Ayato','ayato.kamisato@gmail.com','Jl. Asia Afrika No.4, Bandung','085567890123'),
('C019','Kujou Sara','kujou.sara@gmail.com','Jl. Majapahit No.16, Semarang','086678901234'),
('C020','Sangonomiya Kokomi','kokomi.sangonomiya@gmail.com','Jl. Katamso No.8, Medan','087789012345'),
('C021','Arataki Itto','itto.arataki@gmail.com','Jl. Gatot Subroto No.25, Jakarta','088890123456'),
('C022','Shikanoin Heizou','heizou.shikanoin@gmail.com','Jl. Siliwangi No.13, Bandung','089901234567'),
('C023','Kuki Shinobu','shinobu.kuki@yahoo.com','Jl. Panglima Sudirman No.7, Surabaya','081012345678'),
('C024','Yae Miko','yae.miko@gmail.com','Jl. Raya Bogor No.30, Depok','082123456789'),
('C025','Naganohara Yoimiya','yoimiya.naganohara@gmail.com','Jl. Wahid Hasyim No.2, Jakarta Pusat','083234567890'),
('C026','Kirisame Chiori','chiori.kirisame@gmail.com','Jl. Raya Darmo No.19, Surabaya','084345678901'),
('C027','Raiden Ei','raiden.ei@gmail.com','Jl. Cendana No.5, Yogyakarta','085456789012'),
('C028','Raiden Makoto','raiden.makoto@gmail.com','Jl. Veteran No.17, Malang','086567890123'),
('C029','Yumemizuki Mizuki','mizuki.yumemizuki@gmail.com','Jl. Cipto No.9, Semarang','087678901234'),
('C030','Navia Caspar','navia.caspar@gmail.com','Jl. Raya Kuta No.15, Bali','088789012345'),
('C031','Furina de Fontaine','furina.fontaine@gmail.com','Jl. Pajajaran No.22, Bogor','089890123456'),
('C032','Lyney Snezhevich','lyney.snezhevich@gmail.com','Jl. Raya Sawangan No.6, Depok','081901234567'),
('C033','Lynette Snezhevna','lynette.snezhevna@yahoo.com','Jl. Nusantara No.11, Makassar','082012345678'),
('C034','Freminet Snezhevich','freminet.snezhevich@gmail.com','Jl. Raya Sesetan No.27, Bali','083123456789'),
('C035','Peruere Snezhevna','peruere.snezhevna@gmail.com','Jl. Pattimura No.3, Malang','084234567890'),
('C036','Kyryll Chudomirovich','kyryll.flins@gmail.com','Jl. Raya Seminyak No.14, Bali','085345678901'),
('C037','Nicole Reeyn','nicole.reeyn@gmail.com','Jl. Raya Ubud No.8, Bali','086456789012'),
('C038','Columbina Hyposelenia','columbina.hypo@gmail.com','Jl. Raya Sanur No.20, Bali','087567890123'),
('C039','Rosalyne Lohefalter','rosalyne.lohefalter@gmail.com','Jl. Gajah Mada No.16, Jakarta Barat','088678901234'),
('C040','Columbina Altusina','columbina.altus@gmail.com','Jl. Hayam Wuruk No.5, Jakarta Barat','089789012345'),
('C041','Rosalyne Kruzchka','rosalyne.kruzchka@gmail.com','Jl. Kebon Sirih No.12, Jakarta Pusat','081890123456'),
('C042','Mavuika','mavuika@gmail.com','Jl. Raya Matraman No.7, Jakarta Timur','082901234567'),
('C043','Mualani','mualani@gmail.com','Jl. Raya Bekasi No.30, Bekasi','083012345678'),
('C044','Kinich','kinich@gmail.com','Jl. Raya Cileungsi No.4, Bogor','084123456789'),
('C045','Kachina','kachina@gmail.com','Jl. Raya Parung No.18, Bogor','085234567890'),
('C046','Chasca','chasca@gmail.com','Jl. Raya Serpong No.9, Tangerang','086345678901'),
('C047','Citlali','citlali@gmail.com','Jl. Raya BSD No.23, Tangerang','087456789012'),
('C048','Ororon','ororon@yahoo.com','Jl. Raya Ciputat No.11, Tangerang Selatan','088567890123'),
('C049','Iansan','iansan@gmail.com','Jl. Raya Pondok Indah No.6, Jakarta Selatan','089678901234'),
('C050','Xilonen','xilonen@gmail.com','Jl. Raya Fatmawati No.15, Jakarta Selatan','081789012345');


-- ======================
-- ORDERS (50 DATA)
-- ======================
INSERT INTO Orders VALUES
('ORD001','2025-10-02',598000,'Selesai'),
('ORD002','2025-10-05',799000,'Selesai'),
('ORD003','2025-10-05',597000,'Selesai'),
('ORD004','2025-10-08',599000,'Menunggu Konfirmasi'),
('ORD005','2025-10-10',499000,'Belum Selesai'),
('ORD006','2025-10-14',798000,'Selesai'),
('ORD007','2025-10-17',249000,'Selesai'),
('ORD008','2025-10-19',699000,'Selesai'),
('ORD009','2025-10-21',898000,'Selesai'),
('ORD010','2025-10-22',549000,'Selesai'),
('ORD011','2025-10-23',597000,'Belum Selesai'),
('ORD012','2025-10-23',498000,'Belum Selesai'),
('ORD013','2025-10-23',596000,'Selesai'),
('ORD014','2025-10-25',349000,'Menunggu Konfirmasi'),
('ORD015','2025-10-26',398000,'Selesai'),
('ORD016','2025-10-27',299000,'Selesai'),
('ORD017','2025-10-28',645000,'Belum Selesai'),
('ORD018','2025-10-28',298000,'Menunggu Konfirmasi'),
('ORD019','2025-10-28',299000,'Belum Selesai'),
('ORD020','2025-10-28',698000,'Menunggu Konfirmasi'),
('ORD021','2025-10-29',299000,'Menunggu Konfirmasi'),
('ORD022','2025-10-31',799000,'Menunggu Konfirmasi'),
('ORD023','2025-11-01',398000,'Selesai'),
('ORD024','2025-11-02',349000,'Selesai'),
('ORD025','2025-11-10',398000,'Menunggu Konfirmasi'),
('ORD026','2025-11-13',599000,'Menunggu Konfirmasi'),
('ORD027','2025-11-17',699000,'Selesai'),
('ORD028','2025-11-19',447000,'Selesai'),
('ORD029','2025-11-20',516000,'Selesai'),
('ORD030','2025-11-20',149000,'Selesai'),
('ORD031','2025-11-20',549000,'Menunggu Konfirmasi'),
('ORD032','2025-11-20',399000,'Menunggu Konfirmasi'),
('ORD033','2025-11-21',499000,'Belum Selesai'),
('ORD034','2025-11-26',498000,'Menunggu Konfirmasi'),
('ORD035','2025-12-04',449000,'Menunggu Konfirmasi'),
('ORD036','2025-12-12',249000,'Menunggu Konfirmasi'),
('ORD037','2025-12-18',398000,'Menunggu Konfirmasi'),
('ORD038','2025-12-25',598000,'Selesai'),
('ORD039','2025-12-27',299000,'Belum Selesai'),
('ORD040','2025-12-29',349000,'Belum Selesai'),
('ORD041','2026-01-13',897000,'Selesai'),
('ORD042','2026-01-17',398000,'Selesai'),
('ORD043','2026-01-20',599000,'Menunggu Konfirmasi'),
('ORD044','2026-01-23',698000,'Menunggu Konfirmasi'),
('ORD045','2026-01-27',799000,'Selesai'),
('ORD046','2026-01-31',199000,'Belum Selesai'),
('ORD047','2026-02-19',387000,'Belum Selesai'),
('ORD048','2026-02-24',699000,'Belum Selesai'),
('ORD049','2026-02-28',298000,'Belum Selesai'),
('ORD050','2026-03-03',298000,'Belum Selesai');

-- ======================
-- ORDER DETAIL (50 DATA)
-- ======================
INSERT INTO OrderDetail VALUES
('ORD001','P001',299000,2,598000),
('ORD002','P002',799000,1,799000),
('ORD003','P003',199000,3,597000),
('ORD004','P004',599000,1,599000),
('ORD005','P005',499000,1,499000),
('ORD006','P006',399000,2,798000),
('ORD007','P007',249000,1,249000),
('ORD008','P008',699000,1,699000),
('ORD009','P009',449000,2,898000),
('ORD010','P010',549000,1,549000),
('ORD011','P003',199000,3,597000),
('ORD012','P007',249000,2,498000),
('ORD013','P013',149000,4,596000),
('ORD014','P014',349000,1,349000),
('ORD015','P003',199000,2,398000),
('ORD016','P001',299000,1,299000),
('ORD017','P017',129000,5,645000),
('ORD018','P013',149000,2,298000),
('ORD019','P001',299000,1,299000),
('ORD020','P014',349000,2,698000),
('ORD021','P001',299000,1,299000),
('ORD022','P002',799000,1,799000),
('ORD023','P003',199000,2,398000),
('ORD024','P014',349000,1,349000),
('ORD025','P003',199000,2,398000),
('ORD026','P004',599000,1,599000),
('ORD027','P008',699000,1,699000),
('ORD028','P013',149000,3,447000),
('ORD029','P017',129000,4,516000),
('ORD030','P013',149000,1,149000),
('ORD031','P010',549000,1,549000),
('ORD032','P006',399000,1,399000),
('ORD033','P005',499000,1,499000),
('ORD034','P007',249000,2,498000),
('ORD035','P009',449000,1,449000),
('ORD036','P007',249000,1,249000),
('ORD037','P003',199000,2,398000),
('ORD038','P001',299000,2,598000),
('ORD039','P001',299000,1,299000),
('ORD040','P014',349000,1,349000),
('ORD041','P001',299000,3,897000),
('ORD042','P003',199000,2,398000),
('ORD043','P004',599000,1,599000),
('ORD044','P014',349000,2,698000),
('ORD045','P002',799000,1,799000),
('ORD046','P003',199000,1,199000),
('ORD047','P017',129000,3,387000),
('ORD048','P008',699000,1,699000),
('ORD049','P013',149000,2,298000),
('ORD050','P013',149000,2,298000);



-- ======================
-- PAYMENT (50 DATA)
-- ======================
INSERT INTO Payment VALUES
('PAY001','Jl. Soekarno Hatta No.12, Malang','Gopay','2025-10-03','J&T Express','Lunas',598000),
('PAY002','Jl. Veteran No.45, Banjarbaru','Dana','2025-10-06','J&T Express','Lunas',799000),
('PAY003','Jl. Gajah Mada No.8, Bandung','Apple Pay','2025-10-06','Anteraja','Lunas',597000),
('PAY004','Jl. Malioboro No. 3, Yogyakarta','Shopee Pay',NULL,'Shopee Express','Proses',599000),
('PAY005','Jl. A Yani No. 22, Semarang','Scan Qris',NULL,'SiCepat','Belum Lunas',499000),
('PAY006','Jl. Diponegoro No.5, Jakarta Pusat','Transfer Bank','2025-10-16','JNE Express','Lunas',798000),
('PAY007','Jl. Ahmad Yani No.10, Surabaya','Cash on Delivery','2026-01-14','J&T Express','Lunas',249000),
('PAY008','Jl. Pemuda No.33, Semarang','Shopee Pay','2025-10-21','Shopee Express','Lunas',699000),
('PAY009','Jl. Imam Bonjol No.7, Medan','OVO','2025-10-23','Anteraja','Lunas',898000),
('PAY010','Jl. Sudirman No.21, Jakarta Selatan','Shopee Pay','2025-10-24','Shopee Express','Lunas',549000),
('PAY011','Jl. Hasanuddin No.14, Makassar','Cash on Delivery',NULL,'SiCepat','Belum Lunas',597000),
('PAY012','Jl. Pahlawan No.9, Palembang','Apple Pay',NULL,'SiCepat','Belum Lunas',498000),
('PAY013','Jl. Gajayana No.18, Malang','Transfer Bank','2025-10-26','JNE Express','Lunas',596000),
('PAY014','Jl. Kaliurang No.6, Yogyakarta','Transfer Bank',NULL,'JNE Express','Proses',349000),
('PAY015','Jl. Urip Sumoharjo No.3, Surabaya','Transfer Bank','2025-10-28','JNE Express','Lunas',398000),
('PAY016','Jl. Cisangkuy No.11, Bandung','Shopee Pay','2025-10-29','Shopee Express','Lunas',299000),
('PAY017','Jl. Thamrin No.20, Jakarta Pusat','Dana',NULL,'SiCepat','Belum Lunas',645000),
('PAY018','Jl. Asia Afrika No.4, Bandung','Dana',NULL,'J&T Express','Proses',298000),
('PAY019','Jl. Majapahit No.16, Semarang','Apple Pay',NULL,'SiCepat','Belum Lunas',299000),
('PAY020','Jl. Katamso No.8, Medan','Gopay',NULL,'J&T Express','Proses',698000),
('PAY021','Jl. Gatot Subroto No.25, Jakarta','Scan Qris',NULL,'Anteraja','Proses',299000),
('PAY022','Jl. Siliwangi No.13, Bandung','Apple Pay',NULL,'J&T Express','Proses',799000),
('PAY023','Jl. Panglima Sudirman No.7, Surabaya','Transfer Bank','2025-11-04','JNE Express','Lunas',398000),
('PAY024','Jl. Raya Bogor No.30, Depok','Shopee Pay','2025-11-05','Shopee Express','Lunas',349000),
('PAY025','Jl. Wahid Hasyim No.2, Jakarta Pusat','Gopay',NULL,'SiCepat','Proses',398000),
('PAY026','Jl. Raya Darmo No.19, Surabaya','Gopay',NULL,'Anteraja','Proses',599000),
('PAY027','Jl. Cendana No.5, Yogyakarta','Transfer Bank','2025-11-16','JNE Express','Lunas',699000),
('PAY028','Jl. Veteran No.17, Malang','Transfer Bank','2025-11-18','JNE Express','Lunas',447000),
('PAY029','Jl. Cipto No.9, Semarang','Transfer Bank','2025-11-19','JNE Express','Lunas',516000),
('PAY030','Jl. Raya Kuta No.15, Bali','Gopay','2025-11-19','J&T Express','Lunas',149000),
('PAY031','Jl. Pajajaran No.22, Bogor','Shopee Pay',NULL,'Shopee Express','Proses',549000),
('PAY032','Jl. Raya Sawangan No.6, Depok','OVO',NULL,'Anteraja','Proses',399000),
('PAY033','Jl. Nusantara No.11, Makassar','Scan Qris',NULL,'SiCepat','Belum Lunas',499000),
('PAY034','Jl. Raya Sesetan No.27, Bali','Shopee Pay',NULL,'Shopee Express','Proses',498000),
('PAY035','Jl. Pattimura No.3, Malang','Gopay',NULL,'Anteraja','Proses',449000),
('PAY036','Jl. Raya Seminyak No.14, Bali','OVO',NULL,'J&T Express','Proses',249000),
('PAY037','Jl. Raya Ubud No.8, Bali','Transfer Bank',NULL,'JNE Express','Proses',398000),
('PAY038','Jl. Raya Sanur No.20, Bali','Dana','2025-12-28','J&T Express','Lunas',598000),
('PAY039','Jl. Gajah Mada No.16, Jakarta Barat','Cash on Delivery',NULL,'SiCepat','Belum Lunas',299000),
('PAY040','Jl. Hayam Wuruk No.5, Jakarta Barat','Cash on Delivery',NULL,'SiCepat','Belum Lunas',349000),
('PAY041','Jl. Kebon Sirih No.12, Jakarta Pusat','Shopee Pay','2026-01-15','Shopee Express','Lunas',897000),
('PAY042','Jl. Raya Matraman No.7, Jakarta Timur','Apple Pay','2025-12-19','J&T Express','Lunas',398000),
('PAY043','Jl. Raya Bekasi No.30, Bekasi','Transfer Bank',NULL,'JNE Express','Proses',599000),
('PAY044','Jl. Raya Cileungsi No.4, Bogor','Scan Qris',NULL,'Anteraja','Proses',698000),
('PAY045','Jl. Raya Parung No.18, Bogor','Transfer Bank','2026-02-03','JNE Express','Lunas',799000),
('PAY046','Jl. Raya Serpong No.9, Tangerang','Dana',NULL,'SiCepat','Belum Lunas',199000),
('PAY047','Jl. Raya BSD No.23, Tangerang','Cash on Delivery',NULL,'SiCepat','Belum Lunas',387000),
('PAY048','Jl. Raya Ciputat No.11, Tangerang Selatan','OVO',NULL,'SiCepat','Belum Lunas',699000),
('PAY049','Jl. Raya Pondok Indah No.6, Jakarta Selatan','Cash on Delivery',NULL,'SiCepat','Belum Lunas',298000),
('PAY050','Jl. Raya Fatmawati No.15, Jakarta Selatan','Cash on Delivery',NULL,'SiCepat','Belum Lunas',298000);

-- ======================
-- INVOICES (50 DATA)
-- ======================
INSERT INTO Invoices VALUES
('INV001','2025-10-02','Jl. Soekarno Hatta No.12, Malang',598000,'Lunas','J&T Express'),
('INV002','2025-10-05','Jl. Veteran No.45, Banjarbaru',799000,'Lunas','J&T Express'),
('INV003','2025-10-05','Jl. Gajah Mada No.8, Bandung',597000,'Lunas','Anteraja'),
('INV004','2025-10-08','Jl. Malioboro No. 3, Yogyakarta',599000,'Proses','Shopee Express'),
('INV005','2025-10-10','Jl. A Yani No. 22, Semarang',499000,'Belum Lunas','SiCepat'),
('INV006','2025-10-14','Jl. Diponegoro No.5, Jakarta Pusat',798000,'Lunas','JNE Express'),
('INV007','2025-10-17','Jl. Ahmad Yani No.10, Surabaya',249000,'Lunas','J&T Express'),
('INV008','2025-10-19','Jl. Pemuda No.33, Semarang',699000,'Lunas','Shopee Express'),
('INV009','2025-10-21','Jl. Imam Bonjol No.7, Medan',898000,'Lunas','Anteraja'),
('INV010','2025-10-22','Jl. Sudirman No.21, Jakarta Selatan',549000,'Lunas','Shopee Express'),
('INV011','2025-10-23','Jl. Hasanuddin No.14, Makassar',597000,'Belum Lunas','SiCepat'),
('INV012','2025-10-23','Jl. Pahlawan No.9, Palembang',498000,'Belum Lunas','SiCepat'),
('INV013','2025-10-23','Jl. Gajayana No.18, Malang',596000,'Lunas','JNE Express'),
('INV014','2025-10-25','Jl. Kaliurang No.6, Yogyakarta',349000,'Proses','JNE Express'),
('INV015','2025-10-26','Jl. Urip Sumoharjo No.3, Surabaya',398000,'Lunas','JNE Express'),
('INV016','2025-10-27','Jl. Cisangkuy No.11, Bandung',299000,'Lunas','Shopee Express'),
('INV017','2025-10-28','Jl. Thamrin No.20, Jakarta Pusat',645000,'Belum Lunas','SiCepat'),
('INV018','2025-10-28','Jl. Asia Afrika No.4, Bandung',298000,'Proses','J&T Express'),
('INV019','2025-10-28','Jl. Majapahit No.16, Semarang',299000,'Belum Lunas','SiCepat'),
('INV020','2025-10-28','Jl. Katamso No.8, Medan',698000,'Proses','J&T Express'),
('INV021','2025-10-29','Jl. Gatot Subroto No.25, Jakarta',299000,'Proses','Anteraja'),
('INV022','2025-10-31','Jl. Siliwangi No.13, Bandung',799000,'Proses','J&T Express'),
('INV023','2025-11-01','Jl. Panglima Sudirman No.7, Surabaya',398000,'Lunas','JNE Express'),
('INV024','2025-11-02','Jl. Raya Bogor No.30, Depok',349000,'Lunas','Shopee Express'),
('INV025','2025-11-10','Jl. Wahid Hasyim No.2, Jakarta Pusat',398000,'Proses','SiCepat'),
('INV026','2025-11-13','Jl. Raya Darmo No.19, Surabaya',599000,'Proses','Anteraja'),
('INV027','2025-11-17','Jl. Cendana No.5, Yogyakarta',699000,'Lunas','JNE Express'),
('INV028','2025-11-19','Jl. Veteran No.17, Malang',447000,'Lunas','JNE Express'),
('INV029','2025-11-20','Jl. Cipto No.9, Semarang',516000,'Lunas','JNE Express'),
('INV030','2025-11-20','Jl. Raya Kuta No.15, Bali',149000,'Lunas','J&T Express'),
('INV031','2025-11-20','Jl. Pajajaran No.22, Bogor',549000,'Proses','Shopee Express'),
('INV032','2025-11-20','Jl. Raya Sawangan No.6, Depok',399000,'Proses','Anteraja'),
('INV033','2025-11-21','Jl. Nusantara No.11, Makassar',499000,'Belum Lunas','SiCepat'),
('INV034','2025-11-26','Jl. Raya Sesetan No.27, Bali',498000,'Proses','Shopee Express'),
('INV035','2025-12-04','Jl. Pattimura No.3, Malang',449000,'Proses','Anteraja'),
('INV036','2025-12-12','Jl. Raya Seminyak No.14, Bali',249000,'Proses','J&T Express'),
('INV037','2025-12-18','Jl. Raya Ubud No.8, Bali',398000,'Proses','JNE Express'),
('INV038','2025-12-25','Jl. Raya Sanur No.20, Bali',598000,'Lunas','J&T Express'),
('INV039','2025-12-27','Jl. Gajah Mada No.16, Jakarta Barat',299000,'Belum Lunas','SiCepat'),
('INV040','2025-12-29','Jl. Hayam Wuruk No.5, Jakarta Barat',349000,'Belum Lunas','SiCepat'),
('INV041','2026-01-13','Jl. Kebon Sirih No.12, Jakarta Pusat',897000,'Lunas','Shopee Express'),
('INV042','2026-01-17','Jl. Raya Matraman No.7, Jakarta Timur',398000,'Lunas','J&T Express'),
('INV043','2026-01-20','Jl. Raya Bekasi No.30, Bekasi',599000,'Proses','JNE Express'),
('INV044','2026-01-23','Jl. Raya Cileungsi No.4, Bogor',698000,'Proses','Anteraja'),
('INV045','2026-01-27','Jl. Raya Parung No.18, Bogor',799000,'Lunas','JNE Express'),
('INV046','2026-01-31','Jl. Raya Serpong No.9, Tangerang',199000,'Belum Lunas','SiCepat'),
('INV047','2026-02-19','Jl. Raya BSD No.23, Tangerang',387000,'Belum Lunas','SiCepat'),
('INV048','2026-02-24','Jl. Raya Ciputat No.11, Tangerang Selatan',699000,'Belum Lunas','SiCepat'),
('INV049','2026-02-28','Jl. Raya Pondok Indah No.6, Jakarta Selatan',298000,'Belum Lunas','SiCepat'),
('INV050','2026-03-03','Jl. Raya Fatmawati No.15, Jakarta Selatan',298000,'Belum Lunas','SiCepat');

-- ======================
-- SHIPMENT (FULL 50)
-- ======================
INSERT INTO Shipment VALUES
('SHP001','ORD001','Jl. Soekarno Hatta No.12, Malang','2025-12-06','Tiba di Tujuan','J&T Express','JT6022768040',5000),
('SHP002','ORD002','Jl. Veteran No.45, Banjarbaru','2025-12-19','Tiba di Tujuan','J&T Express','JT2501652580',5000),
('SHP003','ORD003','Jl. Gajah Mada No.8, Bandung','2025-12-29','Tiba di Tujuan','Anteraja','ATJ8631930086',50),
('SHP004','ORD004','Jl. Malioboro No. 3, Yogyakarta','2026-04-28','Dalam Perjalanan','Shopee Express','SPX8759358685',0),
('SHP005','ORD005','Jl. A Yani No. 22, Semarang','2026-09-03','Menunggu Pengantaran','SiCepat','SC7022021263',2000),
('SHP006','ORD006','Jl. Diponegoro No.5, Jakarta Pusat','2026-01-07','Tiba di Tujuan','JNE Express','JNE3229661713',10000),
('SHP007','ORD007','Jl. Ahmad Yani No.10, Surabaya','2026-01-14','Tiba di Tujuan','J&T Express','JT9656872032',5000),
('SHP008','ORD008','Jl. Pemuda No.33, Semarang','2026-01-19','Tiba di Tujuan','Shopee Express','SPX2983639422',0),
('SHP009','ORD009','Jl. Imam Bonjol No.7, Medan','2026-01-23','Tiba di Tujuan','Anteraja','ATJ5258329500',50),
('SHP010','ORD010','Jl. Sudirman No.21, Jakarta Selatan','2026-01-25','Tiba di Tujuan','Shopee Express','SPX1674039598',0),
('SHP011','ORD011','Jl. Hasanuddin No.14, Makassar','2026-09-15','Menunggu Pengantaran','SiCepat','SC0765261449',2000),
('SHP012','ORD012','Jl. Pahlawan No.9, Palembang','2026-09-23','Menunggu Pengantaran','SiCepat','SC8251982661',2000),
('SHP013','ORD013','Jl. Gajayana No.18, Malang','2026-02-05','Tiba di Tujuan','JNE Express','JNE7575030988',10000),
('SHP014','ORD014','Jl. Kaliurang No.6, Yogyakarta','2026-05-12','Dalam Perjalanan','JNE Express','JNE3089040771',10000),
('SHP015','ORD015','Jl. Urip Sumoharjo No.3, Surabaya','2026-02-14','Tiba di Tujuan','JNE Express','JNE4528425723',10000),
('SHP016','ORD016','Jl. Cisangkuy No.11, Bandung','2026-02-17','Tiba di Tujuan','Shopee Express','SPX9645123522',0),
('SHP017','ORD017','Jl. Thamrin No.20, Jakarta Pusat','2026-09-30','Menunggu Pengantaran','SiCepat','SC0629802621',2000),
('SHP018','ORD018','Jl. Asia Afrika No.4, Bandung','2026-05-16','Dalam Perjalanan','J&T Express','JT9547810444',5000),
('SHP019','ORD019','Jl. Majapahit No.16, Semarang','2026-10-06','Menunggu Pengantaran','SiCepat','SC7690438214',2000),
('SHP020','ORD020','Jl. Katamso No.8, Medan','2026-05-22','Dalam Perjalanan','J&T Express','JT4229485098',5000),
('SHP021','ORD021','Jl. Gatot Subroto No.25, Jakarta','2026-05-28','Dalam Perjalanan','Anteraja','ATJ9981424039',50),
('SHP022','ORD022','Jl. Siliwangi No.13, Bandung','2026-05-31','Dalam Perjalanan','J&T Express','JT2744995712',5000),
('SHP023','ORD023','Jl. Panglima Sudirman No.7, Surabaya','2026-02-23','Tiba di Tujuan','JNE Express','JNE9557055819',10000),
('SHP024','ORD024','Jl. Raya Bogor No.30, Depok','2026-02-25','Tiba di Tujuan','Shopee Express','SPX0156218256',0),
('SHP025','ORD025','Jl. Wahid Hasyim No.2, Jakarta Pusat','2026-10-14','Menunggu Pengantaran','SiCepat','SC4559272362',2000),
('SHP026','ORD026','Jl. Raya Darmo No.19, Surabaya','2026-06-09','Dalam Perjalanan','Anteraja','ATJ3704990229',50),
('SHP027','ORD027','Jl. Cendana No.5, Yogyakarta','2026-03-07','Tiba di Tujuan','JNE Express','JNE8831876960',10000),
('SHP028','ORD028','Jl. Veteran No.17, Malang','2026-03-13','Tiba di Tujuan','JNE Express','JNE8269111526',10000),
('SHP029','ORD029','Jl. Cipto No.9, Semarang','2026-03-16','Tiba di Tujuan','JNE Express','JNE7262498042',10000),
('SHP030','ORD030','Jl. Raya Kuta No.15, Bali','2026-03-21','Tiba di Tujuan','J&T Express','JT0762754008',5000),
('SHP031','ORD031','Jl. Pajajaran No.22, Bogor','2026-06-17','Dalam Perjalanan','Shopee Express','SPX9585113878',0),
('SHP032','ORD032','Jl. Raya Sawangan No.6, Depok','2026-06-23','Dalam Perjalanan','Anteraja','ATJ8221784619',50),
('SHP033','ORD033','Jl. Nusantara No.11, Makassar','2026-10-22','Menunggu Pengantaran','SiCepat','SC8988073988',2000),
('SHP034','ORD034','Jl. Raya Sesetan No.27, Bali','2026-07-07','Dalam Perjalanan','Shopee Express','SPX8271882843',0),
('SHP035','ORD035','Jl. Pattimura No.3, Malang','2026-07-15','Dalam Perjalanan','Anteraja','ATJ7201389263',50),
('SHP036','ORD036','Jl. Raya Seminyak No.14, Bali','2026-07-18','Dalam Perjalanan','J&T Express','JT9591919214',5000),
('SHP037','ORD037','Jl. Raya Ubud No.8, Bali','2026-07-27','Dalam Perjalanan','JNE Express','JNE7365352709',10000),
('SHP038','ORD038','Jl. Raya Sanur No.20, Bali','2026-03-24','Tiba di Tujuan','J&T Express','JT5776306338',5000),
('SHP039','ORD039','Jl. Gajah Mada No.16, Jakarta Barat','2026-10-29','Menunggu Pengantaran','SiCepat','SC7334421496',2000),
('SHP040','ORD040','Jl. Hayam Wuruk No.5, Jakarta Barat','2026-11-04','Menunggu Pengantaran','SiCepat','SC9635024564',2000),
('SHP041','ORD041','Jl. Kebon Sirih No.12, Jakarta Pusat','2026-04-04','Tiba di Tujuan','Shopee Express','SPX4249710563',0),
('SHP042','ORD042','Jl. Raya Matraman No.7, Jakarta Timur','2026-04-13','Tiba di Tujuan','J&T Express','JT8762102480',5000),
('SHP043','ORD043','Jl. Raya Bekasi No.30, Bekasi','2026-08-12','Dalam Perjalanan','JNE Express','JNE4616426077',10000),
('SHP044','ORD044','Jl. Raya Cileungsi No.4, Bogor','2026-08-28','Dalam Perjalanan','Anteraja','ATJ1419502848',50),
('SHP045','ORD045','Jl. Raya Parung No.18, Bogor','2026-04-23','Tiba di Tujuan','JNE Express','JNE6959867585',10000),
('SHP046','ORD046','Jl. Raya Serpong No.9, Tangerang','2026-11-11','Menunggu Pengantaran','SiCepat','SC8742267562',2000),
('SHP047','ORD047','Jl. Raya BSD No.23, Tangerang','2026-11-24','Menunggu Pengantaran','SiCepat','SC0223512670',2000),
('SHP048','ORD048','Jl. Raya Ciputat No.11, Tangerang Selatan','2026-11-27','Menunggu Pengantaran','SiCepat','SC4542495687',2000),
('SHP049','ORD049','Jl. Raya Pondok Indah No.6, Jakarta Selatan','2026-12-08','Menunggu Pengantaran','SiCepat','SC3037894756',2000),
('SHP050','ORD050','Jl. Raya Fatmawati No.15, Jakarta Selatan','2026-12-22','Menunggu Pengantaran','SiCepat','SC2240364141',2000);

SELECT * FROM Orders;
SELECT * FROM Payment;
SELECT * FROM Product;
SELECT * FROM Customer;